{"main":{"language":"en","lastHostname":"localhost","darkTheme":true,"useBinaryPrefix":true,"disableAutoComplete":false,"dashboardMode":"Default","bottomNavigation":true,"numericInputs":false,"iconMenu":false,"displayUnits":"mm","decimalPlaces":1,"settingsStorageLocal":false,"settingsSaveDelay":500,"cacheStorageLocal":true,"cacheSaveDelay":1000,"notifications":{"errorsPersistent":true,"timeout":5000},"behaviour":{"jobStart":false},"webcam":{"enabled":false,"url":"http://[HOSTNAME]:8081/0/stream","updateInterval":0,"liveUrl":"","useFix":false,"embedded":false,"rotation":0,"flip":"none"},"enabledPlugins":["HeightMap","ObjectModelBrowser"],"plugins":{}},"machine":{"ajaxRetries":2,"retryDelay":200,"updateInterval":250,"fileTransferRetryThreshold":358400,"crcUploads":true,"ignoreFileTimestamps":false,"pingInterval":2000,"updateDelay":0,"babystepAmount":0.05,"checkVersions":true,"displayedExtraTemperatures":[],"displayedExtruders":[0,1,2,3,4,5],"displayedFans":[-1,0,1,2],"moveSteps":{"X":[100,50,10,1,0.1],"Y":[100,50,10,1,0.1],"Z":[50,25,5,0.5,0.05],"default":[100,50,10,1,0.1]},"moveFeedrate":6000,"toolChangeMacros":["free","pre","post"],"extruderAmounts":[100,50,10,5,1,0.5],"extruderFeedrates":[1,0.825,0.75,0.575,0.5],"temperatures":{"tool":{"active":[],"standby":[]},"bed":{"active":[],"standby":[]},"chamber":[]},"groupTools":true,"singleBedControl":false,"singleChamberControl":false,"spindleRPM":[],"enabledPlugins":[],"plugins":{}}}